State,Gas,MidGrade,Premium,Diesel,State Code,State Latitude,State Longitude,GDP per capita,Mean Distance (km),Min Distance (km),Refinery Count,PRIVATE AND COMMERCIAL AUTOMOBILE,PUBLIC AUTOMOBILE,TOTAL AUTOMOBILES,PRIVATE AND COMMERCIAL BUSES,PUBLIC BUSES,TOTAL BUSES,PRIVATE AND COMMERCIAL TRUCKS,PUBLIC TRUCKS,TOTAL TRUCKS,PRIVATE AND COMMERCIAL MOTORCYCLES,PUBLIC MOTORCYCLES,TOTAL MOTORCYCLES,TOTAL MOTOR VEHICLES
Alaska,2.42,2.516,2.672,2.389,AK,64.2008413,-149.4936733,73205.0,6679.875942933611,214.39707757443716,4.0,169412,4075,173487,7496,584,8080,573399,17680,591079,31852,7,31859,804505
Alabama,1.79,2.124,2.446,2.279,AL,32.3182314,-86.902298,45219.0,2878.0488609172016,162.19777582925857,3.0,2021395,44068,2065463,5550,132,5682,2806624,66119,2872743,111247,938,112185,5056073
Arkansas,1.794,2.07,2.354,2.127,AR,35.20105,-91.8318334,42454.0,2449.5919092148038,260.7606067870606,1.0,914265,12524,926789,11229,712,11941,1778174,27336,1805510,89457,— ,89457,2833697
Arizona,2.286,2.553,2.808,2.505,AZ,34.0489281,-111.0937311,48055.0,3335.455721080436,512.5680734675277,,2371199,20425,2391624,1508,7543,9051,3356363,43341,3399704,164053,2,164055,5964434
California,2.989,3.161,3.276,3.284,CA,36.778261,-119.4179324,74205.0,4095.681541888623,167.58130376549522,16.0,14615499,245468,14860967,35253,64664,99917,14693888,297826,14991714,828083,14460,842543,30795141
Colorado,2.302,2.602,2.872,2.278,CO,39.5500507,-105.7820674,63882.0,2782.2285871780605,143.92182400643603,1.0,1768221,16837,1785058,5998,7307,13305,3231050,40545,3271595,190002,— ,190002,5259960
Connecticut,2.065,2.435,2.664,2.73,CT,41.6032207,-73.087749,76342.0,4346.050816331047,217.69939073910334,,1301153,1186,1302339,11342,36,11378,1417371,5131,1422502,90111,20,90131,2826350
District of Columbia,2.187,2.655,2.827,2.808,DC,38.9071923,-77.0368707,200277.0,3843.4541844884443,251.61659831664133,,191723,16418,208141,1002,3883,4885,113857,14843,128700,3897,393,4290,346016
Delaware,1.985,2.38,2.599,2.31,DE,38.9108325,-75.52766989999999,77253.0,4041.4449971195904,77.94905715510987,1.0,417700,1499,419199,3335,428,3763,516931,3030,519961,27810,— ,27810,970733
Florida,2.014,2.363,2.652,2.432,FL,27.6648274,-81.5157535,48318.0,3736.176677405501,494.11783085075376,,7670861,107632,7778493,25004,34592,59596,8396619,138294,8534913,583685,2582,586267,16959269
Georgia,1.883,2.192,2.504,2.488,GA,32.1656221,-82.9000751,55832.0,3331.3444025025497,333.0631904571803,1.0,3481721,54334,3536055,12164,24254,36418,4583971,81959,4665930,203064,858,203922,8442325
Hawaii,3.193,3.341,3.551,4.015,HI,19.8967662,-155.5827818,64096.0,10393.818488515084,545.900550311627,1.0,504605,7781,512386,1745,1288,3033,693360,15186,708546,35203,373,35576,1259541
Iowa,2.036,2.166,2.582,2.171,IA,41.8780025,-93.097702,59977.0,2464.3555969290114,320.98661126251795,,1257304,11692,1268996,3945,5339,9284,2253531,23663,2277194,194273,330,194603,3750077
Idaho,2.301,2.474,2.669,2.34,ID,44.0682019,-114.7420408,43430.0,3504.5173830195135,584.1487634574084,,547567,2439,550006,3243,627,3870,1208288,10442,1218730,63266,31,63297,1835903
Illinois,2.308,2.644,3.034,2.408,IL,40.6331249,-89.3985283,67268.0,2582.925433988842,220.38032887313034,4.0,4617096,38748,4655844,34177,182,34359,5806097,60517,5866614,333943,— ,333943,10890760
Indiana,2.099,2.398,2.72,2.509,IN,40.2671941,-86.1349019,55172.0,2816.345966354222,274.4561262757908,2.0,2258547,2893,2261440,7227,13498,20725,3627258,10032,3637290,250579,— ,250579,6170034
Kansas,1.876,2.124,2.349,2.073,KS,39.011902,-98.4842465,56334.0,2433.0994369999144,160.0015037209096,2.0,983245,4014,987259,3961,2267,6228,1618733,9761,1628494,95892,— ,95892,2717873
Kentucky,1.99,2.308,2.623,2.331,KY,37.8393332,-84.2700179,46898.0,3006.858434843748,104.84114233788509,2.0,1659583,31502,1691085,1406,9353,10759,2439925,50273,2490198,101085,78,101163,4293205
Louisiana,1.754,2.059,2.364,2.247,LA,30.9842977,-91.96233269999999,53589.0,2538.3585781882193,65.48938393445995,16.0,1360611,28825,1389436,22183,6977,29160,2320545,54007,2374552,113664,— ,113664,3906812
Massachusetts,2.041,2.397,2.599,2.629,MA,42.4072107,-71.3824374,82480.0,4588.119287839456,511.42199510528445,,2204455,4013,2208468,13255,243,13498,2662640,11684,2674324,168931,— ,168931,5065221
Maryland,2.1,2.534,2.768,2.39,MD,39.0457549,-76.64127119999999,68573.0,3891.1468151820095,181.94852196753965,,1977742,29162,2006904,15233,7739,22972,2167715,41730,2209445,118201,76,118277,4357598
Maine,2.06,2.382,2.624,2.519,ME,45.253783,-69.4454689,47969.0,4822.261647996216,930.1824072046244,,383228,4005,387233,1313,3026,4339,643010,8339,651349,51466,1,51467,1094388
Michigan,2.103,2.402,2.736,2.447,MI,44.3148443,-85.60236429999999,53209.0,2920.526848677143,424.8843053350953,1.0,3233241,24232,3257473,3397,5340,8737,4947020,46380,4993400,258487,— ,258487,8518097
Minnesota,2.01,2.217,2.534,2.321,MN,46.729553,-94.6858998,64675.0,2596.602152329765,334.78182403732393,2.0,2129307,16880,2146187,14338,5642,19980,3243782,31148,3274930,241556,— ,241556,5682653
Missouri,1.848,2.077,2.337,2.006,MO,37.9642529,-91.8318334,51699.0,2445.580116724138,321.4512161323418,,2122581,18469,2141050,27057,123,27180,3227854,34358,3262212,138294,— ,138294,5568736
Mississippi,1.724,2.011,2.334,2.118,MS,32.3546679,-89.3985283,37948.0,2649.643205933278,282.03962002417217,4.0,820128,2736,822864,2023,5995,8018,1190809,7661,1198470,28124,— ,28124,2057476
Montana,2.03,2.246,2.497,2.177,MT,46.8796822,-110.3625658,46609.0,3159.2919721787375,157.44645328221074,3.0,440809,583,441392,4538,164,4702,1104946,6223,1111169,256587,4,306655,1863918
North Carolina,1.976,2.296,2.613,2.425,NC,35.7595731,-79.01929969999999,54441.0,3677.206455075023,262.4143467729177,,3271128,46790,3317918,11653,20840,32493,4458666,72797,4531463,188580,263,188843,8070717
North Dakota,1.99,2.188,2.397,2.073,ND,47.5514926,-101.0020119,72597.0,2690.7316577288857,79.4608744126276,2.0,272290,4255,276545,1457,1874,3331,711318,13623,724941,51927,14,51941,1056758
Nebraska,1.976,2.073,2.402,2.158,NE,41.4925374,-99.9018131,63942.0,2502.7081853140035,517.2169552832019,,662491,14549,677040,13526,38,13564,1190469,28296,1218765,55716,20,55736,1965105
New Hampshire,2.021,2.398,2.646,2.53,NH,43.1938516,-71.5723953,63067.0,4547.323214013577,521.8331062370559,,502617,2764,505381,566,2305,2871,726620,5447,732067,78702,96,78798,1319117
New Jersey,2.089,2.473,2.667,2.526,NJ,40.0583238,-74.4056612,69378.0,4173.50415430233,58.39467395046292,6.0,2774916,23783,2798699,22867,2230,25097,3045425,35511,3080936,152979,— ,152979,6057711
New Mexico,1.974,2.274,2.518,2.376,NM,34.5199402,-105.8700901,46954.0,2883.174132542552,322.0419775822907,3.0,601647,7847,609494,6071,207,6278,1043650,22862,1066512,57718,— ,57718,1740002
Nevada,2.526,2.723,2.901,2.588,NV,38.8026097,-116.419389,55269.0,3714.2509816651627,140.17709961349348,1.0,1039514,7994,1047508,504,2694,3198,1313087,15617,1328704,76027,5,76032,2455442
New York,2.22,2.551,2.773,2.837,NY,40.7127753,-74.0059728,85746.0,4220.749538094114,36.85577771980418,,4541749,21286,4563035,74639,5807,80446,5780052,41744,5821796,392176,2,392178,10857455
Ohio,2.055,2.364,2.696,2.448,OH,40.4172871,-82.90712300000001,57492.0,3124.4868278019007,167.97502757910937,4.0,4561052,44407,4605459,34699,6556,41255,5686290,66056,5752346,410165,22,410187,10809247
Oklahoma,1.819,2.06,2.254,1.998,OK,35.4675602,-97.5164276,50613.0,2411.132529600773,112.22119714716172,4.0,1330082,7542,1337624,1870,1285,3155,2249920,17289,2267209,136189,1,136190,3744178
Oregon,2.547,2.704,2.878,2.58,OR,43.8041334,-120.5542012,56956.0,4110.921209551587,479.082929509046,,1517573,24888,1542461,8541,9150,17691,2354242,46319,2400561,141987,751,142738,4103451
Pennsylvania,2.316,2.619,2.895,2.745,PA,41.2033216,-77.1945247,61594.0,3785.6741552471194,253.1399767369749,6.0,4415164,48103,4463267,53192,2743,55935,5719230,73616,5792846,376390,768,377158,10689206
Rhode Island,2.039,2.418,2.625,2.695,RI,41.5800945,-71.4774291,57852.0,4589.803198885306,471.054516877993,,413227,7086,420313,1872,401,2273,410744,8570,419314,30814,100,30914,872814
South Carolina,1.845,2.17,2.486,2.272,SC,33.836081,-81.1637245,45280.0,3473.9392307928547,197.71876628089584,,1725328,83073,1808401,5476,12252,17728,2342149,117690,2459839,117660,472,118132,4404100
South Dakota,1.999,2.053,2.376,2.166,SD,43.9695148,-99.9018131,58624.0,2551.31589886217,355.69345971570533,,347216,5964,353180,— ,2614,2614,769748,15353,785101,116807,654,117461,1258356
Tennessee,1.869,2.188,2.512,2.319,TN,35.5174913,-86.5804473,53933.0,2817.9577359228424,319.27245017126756,1.0,2274107,50897,2325004,2918,26240,29158,3201416,78943,3280359,163619,2349,165968,5800489
Texas,1.81,2.121,2.403,2.107,TX,31.9685988,-99.9018131,61167.0,2591.626440695919,287.95845108033586,21.0,8084454,92425,8176879,18425,48718,67143,13341345,180708,13522053,363764,926,364690,22130765
Utah,2.286,2.444,2.612,2.287,UT,39.3209801,-111.0937311,55550.0,3196.387810631175,213.68208918348762,3.0,914321,10731,925052,2460,3649,6109,1319576,21043,1340619,83792,201,83993,2355773
Virginia,1.861,2.243,2.533,2.363,VA,37.4315734,-78.6568942,62563.0,3672.8097578711577,383.19372724379326,,3206183,45156,3251339,8322,25946,34268,3964313,70613,4034926,193298,653,193951,7514484
Vermont,2.057,2.405,2.691,2.508,VT,44.5588028,-72.57784149999999,53523.0,4388.872924693528,511.8177081012983,,217906,4030,221936,322,748,1070,360231,7416,367647,30955,— ,30955,621608
Washington,2.631,2.828,2.994,2.686,WA,47.7510741,-120.7401385,74182.0,4118.167510975981,254.5819042970405,5.0,2854542,71223,2925765,5441,18125,23566,3963375,112089,4075464,231400,1,231401,7256196
Wisconsin,2.052,2.354,2.739,2.101,WI,43.7844397,-88.7878678,57720.0,2684.219078536165,263.5266304831382,1.0,2058730,33854,2092584,15563,4,15567,3108154,55660,3163814,324260,410,324670,5596635
West Virginia,2.035,2.296,2.59,2.375,WV,38.5976262,-80.4549026,43053.0,3422.491902227303,225.94744808559702,1.0,550117,12867,562984,244,3098,3342,1037704,26625,1064329,59236,1346,60582,1691237
Wyoming,2.046,2.263,2.489,2.32,WY,43.0759678,-107.2902839,69900.0,2884.6368246840498,146.952320102412,6.0,190149,3374,193523,2665,1554,4219,579881,12674,592555,28956,4,28960,819257
